x,y,direction,magnitude,variation,score,entropy,entropy_norm,combined_score
26,52,90.0,2418.0,34.05397022332365,0.5711882630412309,2.564174509124821,0.8089069955781681,0.9044534977890841
37,11,90.0,2422.0,33.87696118909852,0.5691592674807422,2.494794961909497,0.7870201852644363,0.8917339745886806
23,12,67.5,2591.0,25.89733693554512,0.4654550499446422,2.4620101645053767,0.7766777331909004,0.7957833818822109
40,51,67.5,2599.0,21.73143516737123,0.39178690344073624,2.5934089376358616,0.8181294309663047,0.7520224833430071
28,11,90.0,2335.0,20.18736616702269,0.32698043840187013,2.7707933604310395,0.8740879860470931,0.723272246962885
53,31,157.5,2986.0,17.10733422638925,0.35434586570487797,2.3582244336616025,0.7439369803981525,0.682151566982028
31,52,112.5,1861.0,18.3315421816218,0.23664678135411668,3.005947025944925,0.9482707081641435,0.6812884038437355
12,24,45.0,3381.0,10.554569653948224,0.2475374583796529,2.7369016474767647,0.8633963409959157,0.6483845718095553
51,40,45.0,3565.0,10.934782608695345,0.27041134850174675,2.5934089376358616,0.8181294309663046,0.6457741911488202
10,32,157.5,2864.0,16.491794692736853,0.3276394284129716,2.2576749784876857,0.7122171589108404,0.6429136922465081
48,45,45.0,3512.0,8.917995444191089,0.2172586015538948,2.609487717743209,0.8232017213517341,0.6017821157992869
16,17,45.0,3416.0,9.085919203746805,0.21529897336299503,2.5490934094605526,0.8041494383307864,0.5905405782296698
